-- JECRC Data Migration Script
-- Generated for Schools, Courses, and Branches

BEGIN;

-- Migrating public.config_schools
INSERT INTO public.config_schools (id, name, display_order, is_active, created_at, updated_at) VALUES ('0ca48cc2-6ad7-4f90-bce0-3b68b78ecd59', 'School of Sciences', '4', true, '2025-12-16 17:12:01.08119+00', '2025-12-16 17:12:01.08119+00') ON CONFLICT (id) DO NOTHING;
INSERT INTO public.config_schools (id, name, display_order, is_active, created_at, updated_at) VALUES ('155b222a-120c-409e-b5f5-b63275d26d6d', 'Ph.D. (Doctoral Programme)', '13', true, '2025-12-16 17:12:01.08119+00', '2025-12-16 17:12:01.08119+00') ON CONFLICT (id) DO NOTHING;
INSERT INTO public.config_schools (id, name, display_order, is_active, created_at, updated_at) VALUES ('32606273-b37b-4891-819b-bc7069f34e3b', 'School of Law', '6', true, '2025-12-16 17:12:01.08119+00', '2025-12-16 17:12:01.08119+00') ON CONFLICT (id) DO NOTHING;
INSERT INTO public.config_schools (id, name, display_order, is_active, created_at, updated_at) VALUES ('3e60ced0-41d3-4bd1-b105-6a38d22acb3c', 'School of Engineering & Technology', '1', true, '2025-12-16 17:12:01.08119+00', '2025-12-16 17:12:01.08119+00') ON CONFLICT (id) DO NOTHING;
INSERT INTO public.config_schools (id, name, display_order, is_active, created_at, updated_at) VALUES ('6a955f51-12e0-4f8b-99a5-678156d8c718', 'School of Allied Health Sciences', '10', true, '2025-12-16 17:12:01.08119+00', '2025-12-16 17:12:01.08119+00') ON CONFLICT (id) DO NOTHING;
INSERT INTO public.config_schools (id, name, display_order, is_active, created_at, updated_at) VALUES ('a8fbb9ce-dbd9-4726-a7ef-d45e2c46d1cc', 'Directorate of Executive Education', '12', true, '2025-12-16 17:12:01.08119+00', '2025-12-16 17:12:01.08119+00') ON CONFLICT (id) DO NOTHING;
INSERT INTO public.config_schools (id, name, display_order, is_active, created_at, updated_at) VALUES ('b34d5388-f804-4646-89e9-fa1ad747bb0f', 'School of Humanities & Social Sciences', '5', true, '2025-12-16 17:12:01.08119+00', '2025-12-16 17:12:01.08119+00') ON CONFLICT (id) DO NOTHING;
INSERT INTO public.config_schools (id, name, display_order, is_active, created_at, updated_at) VALUES ('c393bd0d-a3b5-4aa2-b5b8-2621b99f2919', 'Jaipur School of Mass Communication', '7', true, '2025-12-16 17:12:01.08119+00', '2025-12-16 17:12:01.08119+00') ON CONFLICT (id) DO NOTHING;
INSERT INTO public.config_schools (id, name, display_order, is_active, created_at, updated_at) VALUES ('c9d871d3-5bb9-40dc-ba46-eef5e87a556b', 'Jaipur School of Business', '3', true, '2025-12-16 17:12:01.08119+00', '2025-12-16 17:12:01.08119+00') ON CONFLICT (id) DO NOTHING;
INSERT INTO public.config_schools (id, name, display_order, is_active, created_at, updated_at) VALUES ('cd230360-7640-4625-9e4c-7e2fcd8f6f5b', 'School of Computer Applications', '2', true, '2025-12-16 17:12:01.08119+00', '2025-12-16 17:12:01.08119+00') ON CONFLICT (id) DO NOTHING;
INSERT INTO public.config_schools (id, name, display_order, is_active, created_at, updated_at) VALUES ('d797703d-4af4-41c7-b4dc-96ed8332c4db', 'Jaipur School of Design', '8', true, '2025-12-16 17:12:01.08119+00', '2025-12-16 17:12:01.08119+00') ON CONFLICT (id) DO NOTHING;
INSERT INTO public.config_schools (id, name, display_order, is_active, created_at, updated_at) VALUES ('dbbbc235-1d15-4694-a3e0-3d033f88f596', 'School of Hospitality', '11', true, '2025-12-16 17:12:01.08119+00', '2025-12-16 17:12:01.08119+00') ON CONFLICT (id) DO NOTHING;
INSERT INTO public.config_schools (id, name, display_order, is_active, created_at, updated_at) VALUES ('f5c2014a-6de6-4e99-ba3a-c8471e4922a9', 'Jaipur School of Economics', '9', true, '2025-12-16 17:12:01.08119+00', '2025-12-16 17:12:01.08119+00') ON CONFLICT (id) DO NOTHING;

-- Migrating public.config_courses
INSERT INTO public.config_courses (id, school_id, name, display_order, is_active, created_at, updated_at) VALUES ('055760e8-e471-4215-88ec-c3a9967625c7', '3e60ced0-41d3-4bd1-b105-6a38d22acb3c', 'Diploma Engineering', '3', true, '2025-12-16 17:12:01.08119+00', '2025-12-16 17:12:01.08119+00') ON CONFLICT (id) DO NOTHING;
INSERT INTO public.config_courses (id, school_id, name, display_order, is_active, created_at, updated_at) VALUES ('194d40a3-a20c-4401-be51-ed83b0a79ca4', 'd797703d-4af4-41c7-b4dc-96ed8332c4db', 'B.Des', '1', true, '2025-12-16 17:12:01.08119+00', '2025-12-16 17:12:01.08119+00') ON CONFLICT (id) DO NOTHING;
INSERT INTO public.config_courses (id, school_id, name, display_order, is_active, created_at, updated_at) VALUES ('2023cfd1-6380-4336-8cd8-bcba449d1cda', 'a8fbb9ce-dbd9-4726-a7ef-d45e2c46d1cc', 'Executive Programs', '1', true, '2025-12-16 17:12:01.08119+00', '2025-12-16 17:12:01.08119+00') ON CONFLICT (id) DO NOTHING;
INSERT INTO public.config_courses (id, school_id, name, display_order, is_active, created_at, updated_at) VALUES ('2430c25b-7305-430c-a039-7afa98107648', 'dbbbc235-1d15-4694-a3e0-3d033f88f596', 'BHM', '1', true, '2025-12-16 17:12:01.08119+00', '2025-12-16 17:12:01.08119+00') ON CONFLICT (id) DO NOTHING;
INSERT INTO public.config_courses (id, school_id, name, display_order, is_active, created_at, updated_at) VALUES ('245f599c-48cb-448c-8c78-e38d4d05766c', 'd797703d-4af4-41c7-b4dc-96ed8332c4db', 'M.Des', '2', true, '2025-12-16 17:12:01.08119+00', '2025-12-16 17:12:01.08119+00') ON CONFLICT (id) DO NOTHING;
INSERT INTO public.config_courses (id, school_id, name, display_order, is_active, created_at, updated_at) VALUES ('347943b8-49de-4154-8c4c-ec312d7a1432', '3e60ced0-41d3-4bd1-b105-6a38d22acb3c', 'M.Tech', '2', true, '2025-12-16 17:12:01.08119+00', '2025-12-16 17:12:01.08119+00') ON CONFLICT (id) DO NOTHING;
INSERT INTO public.config_courses (id, school_id, name, display_order, is_active, created_at, updated_at) VALUES ('3ac96508-f0fb-494c-929f-e8bdcf82765e', 'b34d5388-f804-4646-89e9-fa1ad747bb0f', 'B.A.', '1', true, '2025-12-16 17:12:01.08119+00', '2025-12-16 17:12:01.08119+00') ON CONFLICT (id) DO NOTHING;
INSERT INTO public.config_courses (id, school_id, name, display_order, is_active, created_at, updated_at) VALUES ('4070b71a-6a9a-4436-9452-f9ed8e97e1f1', '3e60ced0-41d3-4bd1-b105-6a38d22acb3c', 'B.Tech', '1', true, '2025-12-16 17:12:01.08119+00', '2025-12-16 17:12:01.08119+00') ON CONFLICT (id) DO NOTHING;
INSERT INTO public.config_courses (id, school_id, name, display_order, is_active, created_at, updated_at) VALUES ('4d8c7015-2e6e-4b7f-8542-2f5ba91fc75b', 'c9d871d3-5bb9-40dc-ba46-eef5e87a556b', 'B.Com', '3', true, '2025-12-16 17:12:01.08119+00', '2025-12-16 17:12:01.08119+00') ON CONFLICT (id) DO NOTHING;
INSERT INTO public.config_courses (id, school_id, name, display_order, is_active, created_at, updated_at) VALUES ('5a170047-5de1-4d45-b5d8-9aec1ad89e5d', 'cd230360-7640-4625-9e4c-7e2fcd8f6f5b', 'M.Sc.', '4', true, '2025-12-16 17:12:01.08119+00', '2025-12-16 17:12:01.08119+00') ON CONFLICT (id) DO NOTHING;
INSERT INTO public.config_courses (id, school_id, name, display_order, is_active, created_at, updated_at) VALUES ('60550dd6-6116-4bae-8a76-78efb55fa651', 'c393bd0d-a3b5-4aa2-b5b8-2621b99f2919', 'BJMC', '1', true, '2025-12-16 17:12:01.08119+00', '2025-12-16 17:12:01.08119+00') ON CONFLICT (id) DO NOTHING;
INSERT INTO public.config_courses (id, school_id, name, display_order, is_active, created_at, updated_at) VALUES ('62886d79-e5ff-4246-9b6b-b3b45c0457a3', 'c393bd0d-a3b5-4aa2-b5b8-2621b99f2919', 'MJMC', '2', true, '2025-12-16 17:12:01.08119+00', '2025-12-16 17:12:01.08119+00') ON CONFLICT (id) DO NOTHING;
INSERT INTO public.config_courses (id, school_id, name, display_order, is_active, created_at, updated_at) VALUES ('683bb134-98c3-4f90-a54b-761249c3befd', '6a955f51-12e0-4f8b-99a5-678156d8c718', 'B.Pharma', '1', true, '2025-12-16 17:12:01.08119+00', '2025-12-16 17:12:01.08119+00') ON CONFLICT (id) DO NOTHING;
INSERT INTO public.config_courses (id, school_id, name, display_order, is_active, created_at, updated_at) VALUES ('77e3f622-9dbb-42b8-82f8-3c1c48646c13', '32606273-b37b-4891-819b-bc7069f34e3b', 'LLM', '3', true, '2025-12-16 17:12:01.08119+00', '2025-12-16 17:12:01.08119+00') ON CONFLICT (id) DO NOTHING;
INSERT INTO public.config_courses (id, school_id, name, display_order, is_active, created_at, updated_at) VALUES ('7aea6461-fc7f-4ac8-8885-790b60b5f2d2', '6a955f51-12e0-4f8b-99a5-678156d8c718', 'M.Pharma', '2', true, '2025-12-16 17:12:01.08119+00', '2025-12-16 17:12:01.08119+00') ON CONFLICT (id) DO NOTHING;
INSERT INTO public.config_courses (id, school_id, name, display_order, is_active, created_at, updated_at) VALUES ('825e1d1c-16e0-49b8-9dcf-e06fc8d958a9', '0ca48cc2-6ad7-4f90-bce0-3b68b78ecd59', 'B.Sc.', '1', true, '2025-12-16 17:12:01.08119+00', '2025-12-16 17:12:01.08119+00') ON CONFLICT (id) DO NOTHING;
INSERT INTO public.config_courses (id, school_id, name, display_order, is_active, created_at, updated_at) VALUES ('902c276c-533a-4338-9cee-80b332529877', 'c9d871d3-5bb9-40dc-ba46-eef5e87a556b', 'M.Com', '4', true, '2025-12-16 17:12:01.08119+00', '2025-12-16 17:12:01.08119+00') ON CONFLICT (id) DO NOTHING;
INSERT INTO public.config_courses (id, school_id, name, display_order, is_active, created_at, updated_at) VALUES ('9d360671-4f30-48d5-ba42-73626d01d9e7', '0ca48cc2-6ad7-4f90-bce0-3b68b78ecd59', 'M.Sc.', '2', true, '2025-12-16 17:12:01.08119+00', '2025-12-16 17:12:01.08119+00') ON CONFLICT (id) DO NOTHING;
INSERT INTO public.config_courses (id, school_id, name, display_order, is_active, created_at, updated_at) VALUES ('9fd733a2-7258-45ef-a725-3854b71dc972', 'cd230360-7640-4625-9e4c-7e2fcd8f6f5b', 'MCA', '2', true, '2025-12-16 17:12:01.08119+00', '2025-12-16 17:12:01.08119+00') ON CONFLICT (id) DO NOTHING;
INSERT INTO public.config_courses (id, school_id, name, display_order, is_active, created_at, updated_at) VALUES ('a5a24084-f992-4bb8-8a8b-e79adb737144', '6a955f51-12e0-4f8b-99a5-678156d8c718', 'BPT', '3', true, '2025-12-16 17:12:01.08119+00', '2025-12-16 17:12:01.08119+00') ON CONFLICT (id) DO NOTHING;
INSERT INTO public.config_courses (id, school_id, name, display_order, is_active, created_at, updated_at) VALUES ('afe542c8-a3e9-4dac-851f-9e583e8ae125', 'cd230360-7640-4625-9e4c-7e2fcd8f6f5b', 'BCA', '1', true, '2025-12-16 17:12:01.08119+00', '2025-12-16 17:12:01.08119+00') ON CONFLICT (id) DO NOTHING;
INSERT INTO public.config_courses (id, school_id, name, display_order, is_active, created_at, updated_at) VALUES ('b5885e6b-4b6d-438d-b893-e76d17c162e7', '155b222a-120c-409e-b5f5-b63275d26d6d', 'Ph.D.', '1', true, '2025-12-16 17:12:01.08119+00', '2025-12-16 17:12:01.08119+00') ON CONFLICT (id) DO NOTHING;
INSERT INTO public.config_courses (id, school_id, name, display_order, is_active, created_at, updated_at) VALUES ('cd5e3027-5077-4593-bb1c-0e6345291689', 'c9d871d3-5bb9-40dc-ba46-eef5e87a556b', 'BBA', '1', true, '2025-12-16 17:12:01.08119+00', '2025-12-16 17:12:01.08119+00') ON CONFLICT (id) DO NOTHING;
INSERT INTO public.config_courses (id, school_id, name, display_order, is_active, created_at, updated_at) VALUES ('d016486f-4fb3-42aa-b5ec-918fc1ead91a', 'dbbbc235-1d15-4694-a3e0-3d033f88f596', 'MHM', '2', true, '2025-12-16 17:12:01.08119+00', '2025-12-16 17:12:01.08119+00') ON CONFLICT (id) DO NOTHING;
INSERT INTO public.config_courses (id, school_id, name, display_order, is_active, created_at, updated_at) VALUES ('d2f46b01-2d12-425d-b789-4863dda05eeb', 'cd230360-7640-4625-9e4c-7e2fcd8f6f5b', 'B.Sc.', '3', true, '2025-12-16 17:12:01.08119+00', '2025-12-16 17:12:01.08119+00') ON CONFLICT (id) DO NOTHING;
INSERT INTO public.config_courses (id, school_id, name, display_order, is_active, created_at, updated_at) VALUES ('d4619a34-10cd-4209-afc9-13d225b82d08', 'f5c2014a-6de6-4e99-ba3a-c8471e4922a9', 'MA Economics', '2', true, '2025-12-16 17:12:01.08119+00', '2025-12-16 17:12:01.08119+00') ON CONFLICT (id) DO NOTHING;
INSERT INTO public.config_courses (id, school_id, name, display_order, is_active, created_at, updated_at) VALUES ('d5953c54-6ea0-4d20-b502-91e04de72f99', '32606273-b37b-4891-819b-bc7069f34e3b', 'LLB', '2', true, '2025-12-16 17:12:01.08119+00', '2025-12-16 17:12:01.08119+00') ON CONFLICT (id) DO NOTHING;
INSERT INTO public.config_courses (id, school_id, name, display_order, is_active, created_at, updated_at) VALUES ('e46c5796-d72c-4d41-8151-8cdfb471be46', 'f5c2014a-6de6-4e99-ba3a-c8471e4922a9', 'BA Economics', '1', true, '2025-12-16 17:12:01.08119+00', '2025-12-16 17:12:01.08119+00') ON CONFLICT (id) DO NOTHING;
INSERT INTO public.config_courses (id, school_id, name, display_order, is_active, created_at, updated_at) VALUES ('f12aa98c-822e-4dc7-aa3c-bf1e6c656c14', 'b34d5388-f804-4646-89e9-fa1ad747bb0f', 'M.A.', '2', true, '2025-12-16 17:12:01.08119+00', '2025-12-16 17:12:01.08119+00') ON CONFLICT (id) DO NOTHING;
INSERT INTO public.config_courses (id, school_id, name, display_order, is_active, created_at, updated_at) VALUES ('fa4b2e11-66fb-401a-909c-f64d1152a86f', '32606273-b37b-4891-819b-bc7069f34e3b', 'BA LLB', '1', true, '2025-12-16 17:12:01.08119+00', '2025-12-16 17:12:01.08119+00') ON CONFLICT (id) DO NOTHING;
INSERT INTO public.config_courses (id, school_id, name, display_order, is_active, created_at, updated_at) VALUES ('fffc3234-e6e0-4466-891b-1acce82f143c', 'c9d871d3-5bb9-40dc-ba46-eef5e87a556b', 'MBA', '2', true, '2025-12-16 17:12:01.08119+00', '2025-12-16 17:12:01.08119+00') ON CONFLICT (id) DO NOTHING;

-- Migrating public.config_branches
INSERT INTO public.config_branches (id, course_id, name, display_order, is_active, created_at, updated_at) VALUES ('009b19d9-1e11-47ee-960f-0394f11e6c98', '4070b71a-6a9a-4436-9452-f9ed8e97e1f1', 'Electronics & Communication - IoT', '18', true, '2025-12-16 18:34:52.376822+00', '2025-12-16 18:34:52.376822+00') ON CONFLICT (id) DO NOTHING;
INSERT INTO public.config_branches (id, course_id, name, display_order, is_active, created_at, updated_at) VALUES ('01447fc7-e14d-4574-8e12-50b22dbd456e', '245f599c-48cb-448c-8c78-e38d4d05766c', 'Fashion Design', '1', true, '2025-12-16 17:12:01.08119+00', '2025-12-16 17:12:01.08119+00') ON CONFLICT (id) DO NOTHING;
INSERT INTO public.config_branches (id, course_id, name, display_order, is_active, created_at, updated_at) VALUES ('01985436-cb0a-4324-9a6d-9d3b87280d6d', 'afe542c8-a3e9-4dac-851f-9e583e8ae125', 'Computer Applications - Samatrix Cloud Computing', '7', true, '2025-12-16 18:34:52.376822+00', '2025-12-16 18:34:52.376822+00') ON CONFLICT (id) DO NOTHING;
INSERT INTO public.config_branches (id, course_id, name, display_order, is_active, created_at, updated_at) VALUES ('02373990-8c16-4a8c-b75d-e175b187c9ec', 'fffc3234-e6e0-4466-891b-1acce82f143c', 'Human Resource Management', '3', true, '2025-12-16 17:12:01.08119+00', '2025-12-16 17:12:01.08119+00') ON CONFLICT (id) DO NOTHING;
INSERT INTO public.config_branches (id, course_id, name, display_order, is_active, created_at, updated_at) VALUES ('05ec4365-bb49-4ea3-9bb3-0842861a1644', '4070b71a-6a9a-4436-9452-f9ed8e97e1f1', 'Data Science - L&T EduTech', '13', true, '2025-12-16 18:34:52.376822+00', '2025-12-16 18:34:52.376822+00') ON CONFLICT (id) DO NOTHING;
INSERT INTO public.config_branches (id, course_id, name, display_order, is_active, created_at, updated_at) VALUES ('06065300-30e3-49d6-b951-0bb298978d2b', 'f12aa98c-822e-4dc7-aa3c-bf1e6c656c14', 'Political Science', '3', true, '2025-12-16 17:12:01.08119+00', '2025-12-16 17:12:01.08119+00') ON CONFLICT (id) DO NOTHING;
INSERT INTO public.config_branches (id, course_id, name, display_order, is_active, created_at, updated_at) VALUES ('07a2cc26-ab8d-483c-aa3a-ebfbc72aba83', '4070b71a-6a9a-4436-9452-f9ed8e97e1f1', 'Electronics & Communication Engineering', '3', true, '2025-12-16 17:12:01.08119+00', '2025-12-16 17:12:01.08119+00') ON CONFLICT (id) DO NOTHING;
INSERT INTO public.config_branches (id, course_id, name, display_order, is_active, created_at, updated_at) VALUES ('092ed007-7c31-4e63-a1a4-0a4c5feed98e', '4d8c7015-2e6e-4b7f-8542-2f5ba91fc75b', 'Taxation', '3', true, '2025-12-16 17:12:01.08119+00', '2025-12-16 17:12:01.08119+00') ON CONFLICT (id) DO NOTHING;
INSERT INTO public.config_branches (id, course_id, name, display_order, is_active, created_at, updated_at) VALUES ('09d2f9f1-0196-4ff8-9ef6-0ee36dd70077', '9d360671-4f30-48d5-ba42-73626d01d9e7', 'Physics', '1', true, '2025-12-16 17:12:01.08119+00', '2025-12-16 17:12:01.08119+00') ON CONFLICT (id) DO NOTHING;
INSERT INTO public.config_branches (id, course_id, name, display_order, is_active, created_at, updated_at) VALUES ('0a3ee383-9e51-45f7-a5ea-8190e1ea61e0', 'afe542c8-a3e9-4dac-851f-9e583e8ae125', 'Computer Applications - Xebia Software Engineering', '12', true, '2025-12-16 18:34:52.376822+00', '2025-12-16 18:34:52.376822+00') ON CONFLICT (id) DO NOTHING;
INSERT INTO public.config_branches (id, course_id, name, display_order, is_active, created_at, updated_at) VALUES ('0cfa2aee-42c8-4e99-a36d-0c911841b07c', 'cd5e3027-5077-4593-bb1c-0e6345291689', 'International Business - ISDC Program', '9', true, '2025-12-16 18:34:52.376822+00', '2025-12-16 18:34:52.376822+00') ON CONFLICT (id) DO NOTHING;
INSERT INTO public.config_branches (id, course_id, name, display_order, is_active, created_at, updated_at) VALUES ('10b07b96-2535-4f71-b13a-259a45896990', '3ac96508-f0fb-494c-929f-e8bdcf82765e', 'Geography', '8', true, '2025-12-16 18:34:52.376822+00', '2025-12-16 18:34:52.376822+00') ON CONFLICT (id) DO NOTHING;
INSERT INTO public.config_branches (id, course_id, name, display_order, is_active, created_at, updated_at) VALUES ('13775b8b-f2a1-437d-8ec0-1c908dde0fb9', '4070b71a-6a9a-4436-9452-f9ed8e97e1f1', 'Computer Science & Engineering - IBM Cloud Computing', '14', true, '2025-12-16 18:34:52.376822+00', '2025-12-16 18:34:52.376822+00') ON CONFLICT (id) DO NOTHING;
INSERT INTO public.config_branches (id, course_id, name, display_order, is_active, created_at, updated_at) VALUES ('137ded4e-92ac-4b16-a60e-8f31b373c895', '2430c25b-7305-430c-a039-7afa98107648', 'Tourism Management', '3', true, '2025-12-16 17:12:01.08119+00', '2025-12-16 17:12:01.08119+00') ON CONFLICT (id) DO NOTHING;
INSERT INTO public.config_branches (id, course_id, name, display_order, is_active, created_at, updated_at) VALUES ('16f5f15a-1454-4ccb-834a-5267fd12bab2', '4070b71a-6a9a-4436-9452-f9ed8e97e1f1', 'Artificial Intelligence & Machine Learning', '7', true, '2025-12-16 17:12:01.08119+00', '2025-12-16 17:12:01.08119+00') ON CONFLICT (id) DO NOTHING;
INSERT INTO public.config_branches (id, course_id, name, display_order, is_active, created_at, updated_at) VALUES ('173ad983-3e31-4085-a236-2e463b286ec1', '60550dd6-6116-4bae-8a76-78efb55fa651', 'Digital Media', '3', true, '2025-12-16 17:12:01.08119+00', '2025-12-16 17:12:01.08119+00') ON CONFLICT (id) DO NOTHING;
INSERT INTO public.config_branches (id, course_id, name, display_order, is_active, created_at, updated_at) VALUES ('19109ad6-714a-4dac-b00c-e283c30c5c86', '4d8c7015-2e6e-4b7f-8542-2f5ba91fc75b', 'Accounting & Finance', '1', true, '2025-12-16 17:12:01.08119+00', '2025-12-16 17:12:01.08119+00') ON CONFLICT (id) DO NOTHING;
INSERT INTO public.config_branches (id, course_id, name, display_order, is_active, created_at, updated_at) VALUES ('192763b4-b0ec-4192-883a-cf8f0f753026', '825e1d1c-16e0-49b8-9dcf-e06fc8d958a9', 'Chemistry', '2', true, '2025-12-16 17:12:01.08119+00', '2025-12-16 17:12:01.08119+00') ON CONFLICT (id) DO NOTHING;
INSERT INTO public.config_branches (id, course_id, name, display_order, is_active, created_at, updated_at) VALUES ('19c77a78-006d-47fc-baa8-34438705b3ac', '4070b71a-6a9a-4436-9452-f9ed8e97e1f1', 'Computer Science & Engineering - AWS Cloud', '16', true, '2025-12-16 18:34:52.376822+00', '2025-12-16 18:34:52.376822+00') ON CONFLICT (id) DO NOTHING;
INSERT INTO public.config_branches (id, course_id, name, display_order, is_active, created_at, updated_at) VALUES ('1c59c3c8-c208-4b6e-8214-7403c15411c0', 'fffc3234-e6e0-4466-891b-1acce82f143c', 'Finance', '1', true, '2025-12-16 17:12:01.08119+00', '2025-12-16 17:12:01.08119+00') ON CONFLICT (id) DO NOTHING;
INSERT INTO public.config_branches (id, course_id, name, display_order, is_active, created_at, updated_at) VALUES ('1c693fc0-deeb-45e0-8ab3-0db74d77014d', '194d40a3-a20c-4401-be51-ed83b0a79ca4', 'Textile Design', '3', true, '2025-12-16 17:12:01.08119+00', '2025-12-16 17:12:01.08119+00') ON CONFLICT (id) DO NOTHING;
INSERT INTO public.config_branches (id, course_id, name, display_order, is_active, created_at, updated_at) VALUES ('1cc5e119-1446-4fe4-a783-dc5b816a5c99', 'afe542c8-a3e9-4dac-851f-9e583e8ae125', 'Computer Applications - Samatrix Cyber Security', '8', true, '2025-12-16 18:34:52.376822+00', '2025-12-16 18:34:52.376822+00') ON CONFLICT (id) DO NOTHING;
INSERT INTO public.config_branches (id, course_id, name, display_order, is_active, created_at, updated_at) VALUES ('1f88cd57-6daa-4021-84aa-e27e9a16db42', '4070b71a-6a9a-4436-9452-f9ed8e97e1f1', 'Data Science - AWS Cloud', '17', true, '2025-12-16 18:34:52.376822+00', '2025-12-16 18:34:52.376822+00') ON CONFLICT (id) DO NOTHING;
INSERT INTO public.config_branches (id, course_id, name, display_order, is_active, created_at, updated_at) VALUES ('20b05013-28cd-4eea-8a62-65647d57ecf2', 'b5885e6b-4b6d-438d-b893-e76d17c162e7', 'Law', '6', true, '2025-12-16 17:12:01.08119+00', '2025-12-16 17:12:01.08119+00') ON CONFLICT (id) DO NOTHING;
INSERT INTO public.config_branches (id, course_id, name, display_order, is_active, created_at, updated_at) VALUES ('20b6d827-646b-4629-bf1a-e41d227c35c2', '3ac96508-f0fb-494c-929f-e8bdcf82765e', 'Sociology', '5', true, '2025-12-16 17:12:01.08119+00', '2025-12-16 17:12:01.08119+00') ON CONFLICT (id) DO NOTHING;
INSERT INTO public.config_branches (id, course_id, name, display_order, is_active, created_at, updated_at) VALUES ('21b20c82-968e-47c7-a9d4-5bf9813a2fc5', 'afe542c8-a3e9-4dac-851f-9e583e8ae125', 'Computer Applications - Samatrix Full Stack Development', '4', true, '2025-12-16 18:34:52.376822+00', '2025-12-16 18:34:52.376822+00') ON CONFLICT (id) DO NOTHING;
INSERT INTO public.config_branches (id, course_id, name, display_order, is_active, created_at, updated_at) VALUES ('232071e3-c39d-4844-9304-3c13d304af18', '2023cfd1-6380-4336-8cd8-bcba449d1cda', 'Executive MBA', '1', true, '2025-12-16 17:12:01.08119+00', '2025-12-16 17:12:01.08119+00') ON CONFLICT (id) DO NOTHING;
INSERT INTO public.config_branches (id, course_id, name, display_order, is_active, created_at, updated_at) VALUES ('248d2ddc-f3e7-4aa3-a63e-770c9d0b4f69', '2430c25b-7305-430c-a039-7afa98107648', 'Culinary Arts', '2', true, '2025-12-16 17:12:01.08119+00', '2025-12-16 17:12:01.08119+00') ON CONFLICT (id) DO NOTHING;
INSERT INTO public.config_branches (id, course_id, name, display_order, is_active, created_at, updated_at) VALUES ('251714cc-f5c6-4c77-9f94-228bcf454ce7', '77e3f622-9dbb-42b8-82f8-3c1c48646c13', 'Intellectual Property Rights', '2', true, '2025-12-16 17:12:01.08119+00', '2025-12-16 17:12:01.08119+00') ON CONFLICT (id) DO NOTHING;
INSERT INTO public.config_branches (id, course_id, name, display_order, is_active, created_at, updated_at) VALUES ('2760a58c-9c99-4054-b62d-43007df0dfdf', 'fffc3234-e6e0-4466-891b-1acce82f143c', 'Business Analytics', '6', true, '2025-12-16 17:12:01.08119+00', '2025-12-16 17:12:01.08119+00') ON CONFLICT (id) DO NOTHING;
INSERT INTO public.config_branches (id, course_id, name, display_order, is_active, created_at, updated_at) VALUES ('2897d096-570b-4a79-b755-dc26af33e370', 'fffc3234-e6e0-4466-891b-1acce82f143c', 'Banking & Financial Services', '9', true, '2025-12-16 18:34:52.376822+00', '2025-12-16 18:34:52.376822+00') ON CONFLICT (id) DO NOTHING;
INSERT INTO public.config_branches (id, course_id, name, display_order, is_active, created_at, updated_at) VALUES ('2b32d49c-0b51-48f0-91d4-3e464b473d0a', '4070b71a-6a9a-4436-9452-f9ed8e97e1f1', 'Electronics & Instrumentation Engineering', '10', true, '2025-12-16 17:12:01.08119+00', '2025-12-16 17:12:01.08119+00') ON CONFLICT (id) DO NOTHING;
INSERT INTO public.config_branches (id, course_id, name, display_order, is_active, created_at, updated_at) VALUES ('2bddebb8-598d-478b-ba61-2d59f9b62097', '055760e8-e471-4215-88ec-c3a9967625c7', 'Computer Science & Engineering', '1', true, '2025-12-16 17:12:01.08119+00', '2025-12-16 17:12:01.08119+00') ON CONFLICT (id) DO NOTHING;
INSERT INTO public.config_branches (id, course_id, name, display_order, is_active, created_at, updated_at) VALUES ('2c033849-a7c5-49a2-b4de-d6b8a0cc06e9', 'fffc3234-e6e0-4466-891b-1acce82f143c', 'Supply Chain Management', '8', true, '2025-12-16 18:34:52.376822+00', '2025-12-16 18:34:52.376822+00') ON CONFLICT (id) DO NOTHING;
INSERT INTO public.config_branches (id, course_id, name, display_order, is_active, created_at, updated_at) VALUES ('2d205a23-c8c3-4677-8a38-de3227804e3d', 'cd5e3027-5077-4593-bb1c-0e6345291689', 'Global Marketing - ISDC Program', '10', true, '2025-12-16 18:34:52.376822+00', '2025-12-16 18:34:52.376822+00') ON CONFLICT (id) DO NOTHING;
INSERT INTO public.config_branches (id, course_id, name, display_order, is_active, created_at, updated_at) VALUES ('2dc77ff6-3dfc-400d-b7fb-1242962e66c7', '9fd733a2-7258-45ef-a725-3854b71dc972', 'Computer Applications', '1', true, '2025-12-16 17:12:01.08119+00', '2025-12-16 17:12:01.08119+00') ON CONFLICT (id) DO NOTHING;
INSERT INTO public.config_branches (id, course_id, name, display_order, is_active, created_at, updated_at) VALUES ('32770008-86bf-4964-b0a3-79ac77e27212', '4070b71a-6a9a-4436-9452-f9ed8e97e1f1', 'Data Science', '8', true, '2025-12-16 17:12:01.08119+00', '2025-12-16 17:12:01.08119+00') ON CONFLICT (id) DO NOTHING;
INSERT INTO public.config_branches (id, course_id, name, display_order, is_active, created_at, updated_at) VALUES ('343d5566-1e08-40e7-8a2b-a4034d334292', '825e1d1c-16e0-49b8-9dcf-e06fc8d958a9', 'Environmental Science', '6', true, '2025-12-16 17:12:01.08119+00', '2025-12-16 17:12:01.08119+00') ON CONFLICT (id) DO NOTHING;
INSERT INTO public.config_branches (id, course_id, name, display_order, is_active, created_at, updated_at) VALUES ('362f1d51-9c5f-459b-be68-b64cc449016d', '347943b8-49de-4154-8c4c-ec312d7a1432', 'VLSI Design', '2', true, '2025-12-16 17:12:01.08119+00', '2025-12-16 17:12:01.08119+00') ON CONFLICT (id) DO NOTHING;
INSERT INTO public.config_branches (id, course_id, name, display_order, is_active, created_at, updated_at) VALUES ('38fb4a20-d929-4edf-b6d2-1c7a834d4ebc', 'fffc3234-e6e0-4466-891b-1acce82f143c', 'Healthcare Management', '10', true, '2025-12-16 18:34:52.376822+00', '2025-12-16 18:34:52.376822+00') ON CONFLICT (id) DO NOTHING;
INSERT INTO public.config_branches (id, course_id, name, display_order, is_active, created_at, updated_at) VALUES ('3b62fd2a-d3c0-40eb-9306-4d1a18950b71', 'fa4b2e11-66fb-401a-909c-f64d1152a86f', 'Criminal Law', '3', true, '2025-12-16 17:12:01.08119+00', '2025-12-16 17:12:01.08119+00') ON CONFLICT (id) DO NOTHING;
INSERT INTO public.config_branches (id, course_id, name, display_order, is_active, created_at, updated_at) VALUES ('3d4bc6ed-496d-41dc-8362-2ab427d1eb4c', 'e46c5796-d72c-4d41-8151-8cdfb471be46', 'Applied Economics', '2', true, '2025-12-16 17:12:01.08119+00', '2025-12-16 17:12:01.08119+00') ON CONFLICT (id) DO NOTHING;
INSERT INTO public.config_branches (id, course_id, name, display_order, is_active, created_at, updated_at) VALUES ('3ef3f946-4011-4991-9237-cf18ca787ad8', '60550dd6-6116-4bae-8a76-78efb55fa651', 'Advertising & Public Relations', '2', true, '2025-12-16 17:12:01.08119+00', '2025-12-16 17:12:01.08119+00') ON CONFLICT (id) DO NOTHING;
INSERT INTO public.config_branches (id, course_id, name, display_order, is_active, created_at, updated_at) VALUES ('3ffec904-cf63-48e0-a194-97ccf71d2cfb', '825e1d1c-16e0-49b8-9dcf-e06fc8d958a9', 'Botany', '8', true, '2025-12-16 18:34:52.376822+00', '2025-12-16 18:34:52.376822+00') ON CONFLICT (id) DO NOTHING;
INSERT INTO public.config_branches (id, course_id, name, display_order, is_active, created_at, updated_at) VALUES ('431f7115-59cb-4c70-9b5c-1bcfb7be0a5f', 'd2f46b01-2d12-425d-b789-4863dda05eeb', 'Information Technology', '1', true, '2025-12-16 17:12:01.08119+00', '2025-12-16 17:12:01.08119+00') ON CONFLICT (id) DO NOTHING;
INSERT INTO public.config_branches (id, course_id, name, display_order, is_active, created_at, updated_at) VALUES ('4459701d-2378-450b-98e5-380a742cb133', 'afe542c8-a3e9-4dac-851f-9e583e8ae125', 'Computer Applications - Samatrix Mobile App Development', '9', true, '2025-12-16 18:34:52.376822+00', '2025-12-16 18:34:52.376822+00') ON CONFLICT (id) DO NOTHING;
INSERT INTO public.config_branches (id, course_id, name, display_order, is_active, created_at, updated_at) VALUES ('4677cb3a-8340-49e7-94ca-68e56d454607', '4070b71a-6a9a-4436-9452-f9ed8e97e1f1', 'Computer Science & Engineering', '1', true, '2025-12-16 17:12:01.08119+00', '2025-12-16 17:12:01.08119+00') ON CONFLICT (id) DO NOTHING;
INSERT INTO public.config_branches (id, course_id, name, display_order, is_active, created_at, updated_at) VALUES ('4eaa0ad7-ce0c-43bc-9244-2152ce8f838d', 'fa4b2e11-66fb-401a-909c-f64d1152a86f', 'General Law', '1', true, '2025-12-16 17:12:01.08119+00', '2025-12-16 17:12:01.08119+00') ON CONFLICT (id) DO NOTHING;
INSERT INTO public.config_branches (id, course_id, name, display_order, is_active, created_at, updated_at) VALUES ('4fcd52ea-3bfa-4c44-8c0d-bc8ab321c570', '4d8c7015-2e6e-4b7f-8542-2f5ba91fc75b', 'Financial Markets', '5', true, '2025-12-16 18:34:52.376822+00', '2025-12-16 18:34:52.376822+00') ON CONFLICT (id) DO NOTHING;
INSERT INTO public.config_branches (id, course_id, name, display_order, is_active, created_at, updated_at) VALUES ('50b0d5f8-2bc2-4c83-a718-cdaf63fdb848', '347943b8-49de-4154-8c4c-ec312d7a1432', 'Computer Science & Engineering', '1', true, '2025-12-16 17:12:01.08119+00', '2025-12-16 17:12:01.08119+00') ON CONFLICT (id) DO NOTHING;
INSERT INTO public.config_branches (id, course_id, name, display_order, is_active, created_at, updated_at) VALUES ('5279f29d-4b21-44c5-b767-e10c9a8ba26d', '9fd733a2-7258-45ef-a725-3854b71dc972', 'Computer Applications - Cloud Computing & DevOps', '2', true, '2025-12-16 18:34:52.376822+00', '2025-12-16 18:34:52.376822+00') ON CONFLICT (id) DO NOTHING;
INSERT INTO public.config_branches (id, course_id, name, display_order, is_active, created_at, updated_at) VALUES ('53564cfa-63cf-4167-a382-c0267daeec8d', 'fffc3234-e6e0-4466-891b-1acce82f143c', 'Marketing', '2', true, '2025-12-16 17:12:01.08119+00', '2025-12-16 17:12:01.08119+00') ON CONFLICT (id) DO NOTHING;
INSERT INTO public.config_branches (id, course_id, name, display_order, is_active, created_at, updated_at) VALUES ('56b7a422-e95d-4c60-9966-e0389ed790c8', '4d8c7015-2e6e-4b7f-8542-2f5ba91fc75b', 'Banking & Insurance', '2', true, '2025-12-16 17:12:01.08119+00', '2025-12-16 17:12:01.08119+00') ON CONFLICT (id) DO NOTHING;
INSERT INTO public.config_branches (id, course_id, name, display_order, is_active, created_at, updated_at) VALUES ('5a5e8487-0f56-4bee-97ab-1fc826930d76', 'afe542c8-a3e9-4dac-851f-9e583e8ae125', 'Computer Applications - EC-Council Network Security', '19', true, '2025-12-16 18:34:52.376822+00', '2025-12-16 18:34:52.376822+00') ON CONFLICT (id) DO NOTHING;
INSERT INTO public.config_branches (id, course_id, name, display_order, is_active, created_at, updated_at) VALUES ('5de43d7f-5934-4024-8ff2-5409e368f86f', '5a170047-5de1-4d45-b5d8-9aec1ad89e5d', 'Information Technology', '1', true, '2025-12-16 17:12:01.08119+00', '2025-12-16 17:12:01.08119+00') ON CONFLICT (id) DO NOTHING;
INSERT INTO public.config_branches (id, course_id, name, display_order, is_active, created_at, updated_at) VALUES ('5fad83ec-5931-4c62-ab42-334a9a49b967', '825e1d1c-16e0-49b8-9dcf-e06fc8d958a9', 'Biotechnology', '4', true, '2025-12-16 17:12:01.08119+00', '2025-12-16 17:12:01.08119+00') ON CONFLICT (id) DO NOTHING;
INSERT INTO public.config_branches (id, course_id, name, display_order, is_active, created_at, updated_at) VALUES ('61a1bb99-5bd8-49e2-a57b-a763aa3d128f', '4070b71a-6a9a-4436-9452-f9ed8e97e1f1', 'Computer Science & Engineering - L&T EduTech', '11', true, '2025-12-16 18:34:52.376822+00', '2025-12-16 18:34:52.376822+00') ON CONFLICT (id) DO NOTHING;
INSERT INTO public.config_branches (id, course_id, name, display_order, is_active, created_at, updated_at) VALUES ('624e6212-fe2d-40b4-9f42-c8e0b2045efa', '4070b71a-6a9a-4436-9452-f9ed8e97e1f1', 'Civil Engineering', '6', true, '2025-12-16 17:12:01.08119+00', '2025-12-16 17:12:01.08119+00') ON CONFLICT (id) DO NOTHING;
INSERT INTO public.config_branches (id, course_id, name, display_order, is_active, created_at, updated_at) VALUES ('64a0aba3-0264-4e8c-8d8f-517d4fbeb916', 'cd5e3027-5077-4593-bb1c-0e6345291689', 'Digital Marketing - Sunstone Program', '7', true, '2025-12-16 18:34:52.376822+00', '2025-12-16 18:34:52.376822+00') ON CONFLICT (id) DO NOTHING;
INSERT INTO public.config_branches (id, course_id, name, display_order, is_active, created_at, updated_at) VALUES ('6579893b-8d88-4c06-8edd-a6e8b7fd60d7', '245f599c-48cb-448c-8c78-e38d4d05766c', 'Interior Design', '2', true, '2025-12-16 17:12:01.08119+00', '2025-12-16 17:12:01.08119+00') ON CONFLICT (id) DO NOTHING;
INSERT INTO public.config_branches (id, course_id, name, display_order, is_active, created_at, updated_at) VALUES ('69ebbbce-b876-411e-a831-e94dadae23ed', '7aea6461-fc7f-4ac8-8885-790b60b5f2d2', 'Pharmaceutics', '1', true, '2025-12-16 17:12:01.08119+00', '2025-12-16 17:12:01.08119+00') ON CONFLICT (id) DO NOTHING;
INSERT INTO public.config_branches (id, course_id, name, display_order, is_active, created_at, updated_at) VALUES ('6fccb7fe-52e7-4e31-a58a-b290ee95a752', '4070b71a-6a9a-4436-9452-f9ed8e97e1f1', 'Information Technology - IBM Cloud Computing', '15', true, '2025-12-16 18:34:52.376822+00', '2025-12-16 18:34:52.376822+00') ON CONFLICT (id) DO NOTHING;
INSERT INTO public.config_branches (id, course_id, name, display_order, is_active, created_at, updated_at) VALUES ('713f8697-762c-4ece-8e35-ae0dc2c7cc21', 'afe542c8-a3e9-4dac-851f-9e583e8ae125', 'Computer Applications - EC-Council Cyber Security', '18', true, '2025-12-16 18:34:52.376822+00', '2025-12-16 18:34:52.376822+00') ON CONFLICT (id) DO NOTHING;
INSERT INTO public.config_branches (id, course_id, name, display_order, is_active, created_at, updated_at) VALUES ('72c4953c-283f-4e13-8509-b8b6c81147ad', 'afe542c8-a3e9-4dac-851f-9e583e8ae125', 'Computer Applications - Samatrix AI & ML', '6', true, '2025-12-16 18:34:52.376822+00', '2025-12-16 18:34:52.376822+00') ON CONFLICT (id) DO NOTHING;
INSERT INTO public.config_branches (id, course_id, name, display_order, is_active, created_at, updated_at) VALUES ('73608fe0-560c-4c80-8094-98107771e676', '3ac96508-f0fb-494c-929f-e8bdcf82765e', 'Political Science', '3', true, '2025-12-16 17:12:01.08119+00', '2025-12-16 17:12:01.08119+00') ON CONFLICT (id) DO NOTHING;
INSERT INTO public.config_branches (id, course_id, name, display_order, is_active, created_at, updated_at) VALUES ('74b5b7c7-1d31-43ff-addb-9e6697eccce4', 'fffc3234-e6e0-4466-891b-1acce82f143c', 'Digital Marketing & E-Commerce', '7', true, '2025-12-16 18:34:52.376822+00', '2025-12-16 18:34:52.376822+00') ON CONFLICT (id) DO NOTHING;
INSERT INTO public.config_branches (id, course_id, name, display_order, is_active, created_at, updated_at) VALUES ('757b83d5-d228-43ae-8415-9b20086bf2fd', 'cd5e3027-5077-4593-bb1c-0e6345291689', 'Entrepreneurship - Sunstone Program', '8', true, '2025-12-16 18:34:52.376822+00', '2025-12-16 18:34:52.376822+00') ON CONFLICT (id) DO NOTHING;
INSERT INTO public.config_branches (id, course_id, name, display_order, is_active, created_at, updated_at) VALUES ('76481278-ed0c-4538-a0e0-f9644630482a', '4070b71a-6a9a-4436-9452-f9ed8e97e1f1', 'Mechanical Engineering', '5', true, '2025-12-16 17:12:01.08119+00', '2025-12-16 17:12:01.08119+00') ON CONFLICT (id) DO NOTHING;
INSERT INTO public.config_branches (id, course_id, name, display_order, is_active, created_at, updated_at) VALUES ('792d31da-494f-4e11-ab4d-91ebe9df05ab', '825e1d1c-16e0-49b8-9dcf-e06fc8d958a9', 'Mathematics', '3', true, '2025-12-16 17:12:01.08119+00', '2025-12-16 17:12:01.08119+00') ON CONFLICT (id) DO NOTHING;
INSERT INTO public.config_branches (id, course_id, name, display_order, is_active, created_at, updated_at) VALUES ('7a73263b-c809-4e30-99a1-854764f4dab2', '4070b71a-6a9a-4436-9452-f9ed8e97e1f1', 'Cyber Security', '9', true, '2025-12-16 17:12:01.08119+00', '2025-12-16 17:12:01.08119+00') ON CONFLICT (id) DO NOTHING;
INSERT INTO public.config_branches (id, course_id, name, display_order, is_active, created_at, updated_at) VALUES ('828d97f7-8bde-4e29-88cf-4c1e68d3a905', '3ac96508-f0fb-494c-929f-e8bdcf82765e', 'Public Administration', '9', true, '2025-12-16 18:34:52.376822+00', '2025-12-16 18:34:52.376822+00') ON CONFLICT (id) DO NOTHING;
INSERT INTO public.config_branches (id, course_id, name, display_order, is_active, created_at, updated_at) VALUES ('829a4c44-e4c7-4b82-a24b-100f62a29866', 'afe542c8-a3e9-4dac-851f-9e583e8ae125', 'Data Analytics', '3', true, '2025-12-16 17:12:01.08119+00', '2025-12-16 17:12:01.08119+00') ON CONFLICT (id) DO NOTHING;
INSERT INTO public.config_branches (id, course_id, name, display_order, is_active, created_at, updated_at) VALUES ('82a4844b-d283-4314-8f7e-c9b40771ab2d', '194d40a3-a20c-4401-be51-ed83b0a79ca4', 'Animation & Motion Graphics', '7', true, '2025-12-16 18:34:52.376822+00', '2025-12-16 18:34:52.376822+00') ON CONFLICT (id) DO NOTHING;
INSERT INTO public.config_branches (id, course_id, name, display_order, is_active, created_at, updated_at) VALUES ('8497ebe3-062a-489b-b9fa-7dd3f586fc28', '347943b8-49de-4154-8c4c-ec312d7a1432', 'Power Systems', '3', true, '2025-12-16 17:12:01.08119+00', '2025-12-16 17:12:01.08119+00') ON CONFLICT (id) DO NOTHING;
INSERT INTO public.config_branches (id, course_id, name, display_order, is_active, created_at, updated_at) VALUES ('85a76be9-f480-428a-8618-92e1de32641e', 'cd5e3027-5077-4593-bb1c-0e6345291689', 'International Business', '4', true, '2025-12-16 17:12:01.08119+00', '2025-12-16 17:12:01.08119+00') ON CONFLICT (id) DO NOTHING;
INSERT INTO public.config_branches (id, course_id, name, display_order, is_active, created_at, updated_at) VALUES ('864110ef-5f69-44fa-893b-398978f81656', '2023cfd1-6380-4336-8cd8-bcba449d1cda', 'Management Development Programs', '3', true, '2025-12-16 17:12:01.08119+00', '2025-12-16 17:12:01.08119+00') ON CONFLICT (id) DO NOTHING;
INSERT INTO public.config_branches (id, course_id, name, display_order, is_active, created_at, updated_at) VALUES ('8ae2fb97-922c-436f-95fa-17428bdaa61b', '2023cfd1-6380-4336-8cd8-bcba449d1cda', 'Certificate Programs', '2', true, '2025-12-16 17:12:01.08119+00', '2025-12-16 17:12:01.08119+00') ON CONFLICT (id) DO NOTHING;
INSERT INTO public.config_branches (id, course_id, name, display_order, is_active, created_at, updated_at) VALUES ('8b0776af-d823-47ae-a9bc-8e7c342f2cbc', '055760e8-e471-4215-88ec-c3a9967625c7', 'Mechanical Engineering', '2', true, '2025-12-16 17:12:01.08119+00', '2025-12-16 17:12:01.08119+00') ON CONFLICT (id) DO NOTHING;
INSERT INTO public.config_branches (id, course_id, name, display_order, is_active, created_at, updated_at) VALUES ('8cef0f2a-99dd-434c-8230-7045d1175973', '347943b8-49de-4154-8c4c-ec312d7a1432', 'Structural Engineering', '4', true, '2025-12-16 17:12:01.08119+00', '2025-12-16 17:12:01.08119+00') ON CONFLICT (id) DO NOTHING;
INSERT INTO public.config_branches (id, course_id, name, display_order, is_active, created_at, updated_at) VALUES ('8d999d4c-2680-443b-ba8c-21ee04fcef16', '77e3f622-9dbb-42b8-82f8-3c1c48646c13', 'Corporate Law', '1', true, '2025-12-16 17:12:01.08119+00', '2025-12-16 17:12:01.08119+00') ON CONFLICT (id) DO NOTHING;
INSERT INTO public.config_branches (id, course_id, name, display_order, is_active, created_at, updated_at) VALUES ('91b85fad-ce9a-414d-b24b-706ce0775cdb', 'b5885e6b-4b6d-438d-b893-e76d17c162e7', 'Management', '3', true, '2025-12-16 17:12:01.08119+00', '2025-12-16 17:12:01.08119+00') ON CONFLICT (id) DO NOTHING;
INSERT INTO public.config_branches (id, course_id, name, display_order, is_active, created_at, updated_at) VALUES ('92d20252-45e4-4df0-85f1-ebaf5e755fe3', 'afe542c8-a3e9-4dac-851f-9e583e8ae125', 'Computer Applications - Samatrix Data Science', '5', true, '2025-12-16 18:34:52.376822+00', '2025-12-16 18:34:52.376822+00') ON CONFLICT (id) DO NOTHING;
INSERT INTO public.config_branches (id, course_id, name, display_order, is_active, created_at, updated_at) VALUES ('96c22273-6d25-41f8-95bb-d02352d245f3', 'cd5e3027-5077-4593-bb1c-0e6345291689', 'General Management - Sunstone Program', '6', true, '2025-12-16 18:34:52.376822+00', '2025-12-16 18:34:52.376822+00') ON CONFLICT (id) DO NOTHING;
INSERT INTO public.config_branches (id, course_id, name, display_order, is_active, created_at, updated_at) VALUES ('975d17ac-2d46-4863-8fc2-79e1b4477a44', 'd4619a34-10cd-4209-afc9-13d225b82d08', 'Economics', '1', true, '2025-12-16 17:12:01.08119+00', '2025-12-16 17:12:01.08119+00') ON CONFLICT (id) DO NOTHING;
INSERT INTO public.config_branches (id, course_id, name, display_order, is_active, created_at, updated_at) VALUES ('97f679bb-15f1-4995-9722-590511fd6521', '825e1d1c-16e0-49b8-9dcf-e06fc8d958a9', 'Microbiology', '5', true, '2025-12-16 17:12:01.08119+00', '2025-12-16 17:12:01.08119+00') ON CONFLICT (id) DO NOTHING;
INSERT INTO public.config_branches (id, course_id, name, display_order, is_active, created_at, updated_at) VALUES ('99818a63-2e5a-478e-9da4-46527656b8ad', '825e1d1c-16e0-49b8-9dcf-e06fc8d958a9', 'Zoology', '7', true, '2025-12-16 18:34:52.376822+00', '2025-12-16 18:34:52.376822+00') ON CONFLICT (id) DO NOTHING;
INSERT INTO public.config_branches (id, course_id, name, display_order, is_active, created_at, updated_at) VALUES ('9c149ff2-5925-49df-93f7-dc2e74cf6a99', '4070b71a-6a9a-4436-9452-f9ed8e97e1f1', 'Artificial Intelligence & Machine Learning - L&T EduTech', '12', true, '2025-12-16 18:34:52.376822+00', '2025-12-16 18:34:52.376822+00') ON CONFLICT (id) DO NOTHING;
INSERT INTO public.config_branches (id, course_id, name, display_order, is_active, created_at, updated_at) VALUES ('9c471091-e715-4927-90fd-4216935081d2', 'cd5e3027-5077-4593-bb1c-0e6345291689', 'Human Resource Management', '5', true, '2025-12-16 17:12:01.08119+00', '2025-12-16 17:12:01.08119+00') ON CONFLICT (id) DO NOTHING;
INSERT INTO public.config_branches (id, course_id, name, display_order, is_active, created_at, updated_at) VALUES ('a0356e52-0ac2-485c-b562-3db71e113621', '194d40a3-a20c-4401-be51-ed83b0a79ca4', 'Product Design', '5', true, '2025-12-16 17:12:01.08119+00', '2025-12-16 17:12:01.08119+00') ON CONFLICT (id) DO NOTHING;
INSERT INTO public.config_branches (id, course_id, name, display_order, is_active, created_at, updated_at) VALUES ('a193c7ef-42f1-4c97-8263-2931d57645db', 'cd5e3027-5077-4593-bb1c-0e6345291689', 'Finance', '3', true, '2025-12-16 17:12:01.08119+00', '2025-12-16 17:12:01.08119+00') ON CONFLICT (id) DO NOTHING;
INSERT INTO public.config_branches (id, course_id, name, display_order, is_active, created_at, updated_at) VALUES ('a1f38461-941c-4e6c-84b9-f03bee2487e1', 'd016486f-4fb3-42aa-b5ec-918fc1ead91a', 'Hotel Management', '1', true, '2025-12-16 17:12:01.08119+00', '2025-12-16 17:12:01.08119+00') ON CONFLICT (id) DO NOTHING;
INSERT INTO public.config_branches (id, course_id, name, display_order, is_active, created_at, updated_at) VALUES ('a472e244-b129-424e-bd6a-e30a7422c59e', 'e46c5796-d72c-4d41-8151-8cdfb471be46', 'Economics', '1', true, '2025-12-16 17:12:01.08119+00', '2025-12-16 17:12:01.08119+00') ON CONFLICT (id) DO NOTHING;
INSERT INTO public.config_branches (id, course_id, name, display_order, is_active, created_at, updated_at) VALUES ('a565b508-a404-4517-91f4-c1654daee946', 'afe542c8-a3e9-4dac-851f-9e583e8ae125', 'Cloud Computing & Information Security', '2', true, '2025-12-16 17:12:01.08119+00', '2025-12-16 17:12:01.08119+00') ON CONFLICT (id) DO NOTHING;
INSERT INTO public.config_branches (id, course_id, name, display_order, is_active, created_at, updated_at) VALUES ('a75a4e1d-ee8d-470f-97f4-34d2cba2666e', '3ac96508-f0fb-494c-929f-e8bdcf82765e', 'Economics', '6', true, '2025-12-16 17:12:01.08119+00', '2025-12-16 17:12:01.08119+00') ON CONFLICT (id) DO NOTHING;
INSERT INTO public.config_branches (id, course_id, name, display_order, is_active, created_at, updated_at) VALUES ('aa6954a4-16eb-4f52-80e1-1dfa1f317839', '4070b71a-6a9a-4436-9452-f9ed8e97e1f1', 'Information Technology', '2', true, '2025-12-16 17:12:01.08119+00', '2025-12-16 17:12:01.08119+00') ON CONFLICT (id) DO NOTHING;
INSERT INTO public.config_branches (id, course_id, name, display_order, is_active, created_at, updated_at) VALUES ('abad4593-b466-4636-bd49-940113f77968', '194d40a3-a20c-4401-be51-ed83b0a79ca4', 'Fashion Design', '1', true, '2025-12-16 17:12:01.08119+00', '2025-12-16 17:12:01.08119+00') ON CONFLICT (id) DO NOTHING;
INSERT INTO public.config_branches (id, course_id, name, display_order, is_active, created_at, updated_at) VALUES ('ac18a485-57f6-4507-9435-c50b6fdabdde', '194d40a3-a20c-4401-be51-ed83b0a79ca4', 'Graphic Design', '4', true, '2025-12-16 17:12:01.08119+00', '2025-12-16 17:12:01.08119+00') ON CONFLICT (id) DO NOTHING;
INSERT INTO public.config_branches (id, course_id, name, display_order, is_active, created_at, updated_at) VALUES ('ad9b530f-ef83-4619-80a3-ddddc5ebd71f', 'afe542c8-a3e9-4dac-851f-9e583e8ae125', 'Computer Applications - upGrad Software Development', '15', true, '2025-12-16 18:34:52.376822+00', '2025-12-16 18:34:52.376822+00') ON CONFLICT (id) DO NOTHING;
INSERT INTO public.config_branches (id, course_id, name, display_order, is_active, created_at, updated_at) VALUES ('afa7734a-bca0-411d-adcc-3d03c3a1008b', 'd2f46b01-2d12-425d-b789-4863dda05eeb', 'Computer Science', '2', true, '2025-12-16 17:12:01.08119+00', '2025-12-16 17:12:01.08119+00') ON CONFLICT (id) DO NOTHING;
INSERT INTO public.config_branches (id, course_id, name, display_order, is_active, created_at, updated_at) VALUES ('b1db2b98-659a-49bd-a31d-ac146948f76c', '194d40a3-a20c-4401-be51-ed83b0a79ca4', 'UX/UI Design', '6', true, '2025-12-16 18:34:52.376822+00', '2025-12-16 18:34:52.376822+00') ON CONFLICT (id) DO NOTHING;
INSERT INTO public.config_branches (id, course_id, name, display_order, is_active, created_at, updated_at) VALUES ('b2f9cd5e-0be2-4659-b004-055c1a00330d', 'f12aa98c-822e-4dc7-aa3c-bf1e6c656c14', 'English', '1', true, '2025-12-16 17:12:01.08119+00', '2025-12-16 17:12:01.08119+00') ON CONFLICT (id) DO NOTHING;
INSERT INTO public.config_branches (id, course_id, name, display_order, is_active, created_at, updated_at) VALUES ('b454c57b-5e45-46a9-a674-a0c723ef440c', '055760e8-e471-4215-88ec-c3a9967625c7', 'Civil Engineering', '3', true, '2025-12-16 17:12:01.08119+00', '2025-12-16 17:12:01.08119+00') ON CONFLICT (id) DO NOTHING;
INSERT INTO public.config_branches (id, course_id, name, display_order, is_active, created_at, updated_at) VALUES ('b4684790-d58c-47f5-a9aa-7cb65448f5b8', 'afe542c8-a3e9-4dac-851f-9e583e8ae125', 'Computer Applications - Samatrix Blockchain', '11', true, '2025-12-16 18:34:52.376822+00', '2025-12-16 18:34:52.376822+00') ON CONFLICT (id) DO NOTHING;
INSERT INTO public.config_branches (id, course_id, name, display_order, is_active, created_at, updated_at) VALUES ('b56a2255-7069-42ab-bfcc-ff2ebbb9a953', '3ac96508-f0fb-494c-929f-e8bdcf82765e', 'English', '1', true, '2025-12-16 17:12:01.08119+00', '2025-12-16 17:12:01.08119+00') ON CONFLICT (id) DO NOTHING;
INSERT INTO public.config_branches (id, course_id, name, display_order, is_active, created_at, updated_at) VALUES ('bc53841c-bee4-4c99-ab5f-803d06c8d073', '7aea6461-fc7f-4ac8-8885-790b60b5f2d2', 'Pharmacology', '2', true, '2025-12-16 17:12:01.08119+00', '2025-12-16 17:12:01.08119+00') ON CONFLICT (id) DO NOTHING;
INSERT INTO public.config_branches (id, course_id, name, display_order, is_active, created_at, updated_at) VALUES ('c0c43f0f-bfe8-4794-a666-f71315c63042', 'b5885e6b-4b6d-438d-b893-e76d17c162e7', 'Humanities & Social Sciences', '5', true, '2025-12-16 17:12:01.08119+00', '2025-12-16 17:12:01.08119+00') ON CONFLICT (id) DO NOTHING;
INSERT INTO public.config_branches (id, course_id, name, display_order, is_active, created_at, updated_at) VALUES ('c1901374-7853-438b-9c9c-33431c2897ab', '825e1d1c-16e0-49b8-9dcf-e06fc8d958a9', 'Physics', '1', true, '2025-12-16 17:12:01.08119+00', '2025-12-16 17:12:01.08119+00') ON CONFLICT (id) DO NOTHING;
INSERT INTO public.config_branches (id, course_id, name, display_order, is_active, created_at, updated_at) VALUES ('c299164b-60e3-47ae-a801-88897f6d30b5', '3ac96508-f0fb-494c-929f-e8bdcf82765e', 'Psychology', '2', true, '2025-12-16 17:12:01.08119+00', '2025-12-16 17:12:01.08119+00') ON CONFLICT (id) DO NOTHING;
INSERT INTO public.config_branches (id, course_id, name, display_order, is_active, created_at, updated_at) VALUES ('c2bc93c1-7050-4d89-9cfc-36d80f3396b8', 'afe542c8-a3e9-4dac-851f-9e583e8ae125', 'Computer Applications - Samatrix DevOps', '10', true, '2025-12-16 18:34:52.376822+00', '2025-12-16 18:34:52.376822+00') ON CONFLICT (id) DO NOTHING;
INSERT INTO public.config_branches (id, course_id, name, display_order, is_active, created_at, updated_at) VALUES ('c2c4e456-60dd-4cd1-b387-9d86a689a159', 'f12aa98c-822e-4dc7-aa3c-bf1e6c656c14', 'Psychology', '2', true, '2025-12-16 17:12:01.08119+00', '2025-12-16 17:12:01.08119+00') ON CONFLICT (id) DO NOTHING;
INSERT INTO public.config_branches (id, course_id, name, display_order, is_active, created_at, updated_at) VALUES ('c6187690-a995-4287-bbc1-65a525b18766', '60550dd6-6116-4bae-8a76-78efb55fa651', 'Journalism & Mass Communication', '1', true, '2025-12-16 17:12:01.08119+00', '2025-12-16 17:12:01.08119+00') ON CONFLICT (id) DO NOTHING;
INSERT INTO public.config_branches (id, course_id, name, display_order, is_active, created_at, updated_at) VALUES ('c6934119-7e84-4892-a28e-83078637fb98', '4070b71a-6a9a-4436-9452-f9ed8e97e1f1', 'Automobile Engineering', '19', true, '2025-12-16 18:34:52.376822+00', '2025-12-16 18:34:52.376822+00') ON CONFLICT (id) DO NOTHING;
INSERT INTO public.config_branches (id, course_id, name, display_order, is_active, created_at, updated_at) VALUES ('c990bf44-92b2-41fc-ac5b-1fdb74baad65', 'afe542c8-a3e9-4dac-851f-9e583e8ae125', 'Computer Applications - CollegeDekho Assured', '20', true, '2025-12-16 18:34:52.376822+00', '2025-12-16 18:34:52.376822+00') ON CONFLICT (id) DO NOTHING;
INSERT INTO public.config_branches (id, course_id, name, display_order, is_active, created_at, updated_at) VALUES ('c9a6e7f3-4bbc-4713-8792-e49cf053b5c0', 'b5885e6b-4b6d-438d-b893-e76d17c162e7', 'Computer Science & Applications', '2', true, '2025-12-16 17:12:01.08119+00', '2025-12-16 17:12:01.08119+00') ON CONFLICT (id) DO NOTHING;
INSERT INTO public.config_branches (id, course_id, name, display_order, is_active, created_at, updated_at) VALUES ('ca28e1ae-3a0b-44e5-a48d-6be428366042', 'afe542c8-a3e9-4dac-851f-9e583e8ae125', 'Computer Applications - EC-Council Ethical Hacking', '17', true, '2025-12-16 18:34:52.376822+00', '2025-12-16 18:34:52.376822+00') ON CONFLICT (id) DO NOTHING;
INSERT INTO public.config_branches (id, course_id, name, display_order, is_active, created_at, updated_at) VALUES ('caf21404-b352-4d35-86a5-308f01670183', '4070b71a-6a9a-4436-9452-f9ed8e97e1f1', 'Electrical Engineering', '4', true, '2025-12-16 17:12:01.08119+00', '2025-12-16 17:12:01.08119+00') ON CONFLICT (id) DO NOTHING;
INSERT INTO public.config_branches (id, course_id, name, display_order, is_active, created_at, updated_at) VALUES ('cec6bf0b-d601-451a-991f-f976deac5c03', '825e1d1c-16e0-49b8-9dcf-e06fc8d958a9', 'Forensic Science', '9', true, '2025-12-16 18:34:52.376822+00', '2025-12-16 18:34:52.376822+00') ON CONFLICT (id) DO NOTHING;
INSERT INTO public.config_branches (id, course_id, name, display_order, is_active, created_at, updated_at) VALUES ('cee1f579-e009-493f-bdbe-a84af4c52b46', '683bb134-98c3-4f90-a54b-761249c3befd', 'Pharmacy', '1', true, '2025-12-16 17:12:01.08119+00', '2025-12-16 17:12:01.08119+00') ON CONFLICT (id) DO NOTHING;
INSERT INTO public.config_branches (id, course_id, name, display_order, is_active, created_at, updated_at) VALUES ('d0548c66-328a-44f2-9505-3d3ceb579f0f', '3ac96508-f0fb-494c-929f-e8bdcf82765e', 'Philosophy', '7', true, '2025-12-16 18:34:52.376822+00', '2025-12-16 18:34:52.376822+00') ON CONFLICT (id) DO NOTHING;
INSERT INTO public.config_branches (id, course_id, name, display_order, is_active, created_at, updated_at) VALUES ('d07c4f33-a0a4-4f92-8cb2-df96eaa05ed2', '4d8c7015-2e6e-4b7f-8542-2f5ba91fc75b', 'E-Commerce & Digital Business', '4', true, '2025-12-16 18:34:52.376822+00', '2025-12-16 18:34:52.376822+00') ON CONFLICT (id) DO NOTHING;
INSERT INTO public.config_branches (id, course_id, name, display_order, is_active, created_at, updated_at) VALUES ('d63465b6-5d1d-4415-97ad-c4e6699aaad9', 'd5953c54-6ea0-4d20-b502-91e04de72f99', 'General Law', '1', true, '2025-12-16 17:12:01.08119+00', '2025-12-16 17:12:01.08119+00') ON CONFLICT (id) DO NOTHING;
INSERT INTO public.config_branches (id, course_id, name, display_order, is_active, created_at, updated_at) VALUES ('d6d8e956-05b0-4a8d-92fb-6a419fc85f18', 'cd5e3027-5077-4593-bb1c-0e6345291689', 'Digital Marketing', '2', true, '2025-12-16 17:12:01.08119+00', '2025-12-16 17:12:01.08119+00') ON CONFLICT (id) DO NOTHING;
INSERT INTO public.config_branches (id, course_id, name, display_order, is_active, created_at, updated_at) VALUES ('d77b5b7e-d369-44d3-86fe-3f3f63785517', '3ac96508-f0fb-494c-929f-e8bdcf82765e', 'History', '4', true, '2025-12-16 17:12:01.08119+00', '2025-12-16 17:12:01.08119+00') ON CONFLICT (id) DO NOTHING;
INSERT INTO public.config_branches (id, course_id, name, display_order, is_active, created_at, updated_at) VALUES ('dac48f53-19f4-4b61-9acf-c80d66029c27', '62886d79-e5ff-4246-9b6b-b3b45c0457a3', 'Journalism & Mass Communication', '1', true, '2025-12-16 17:12:01.08119+00', '2025-12-16 17:12:01.08119+00') ON CONFLICT (id) DO NOTHING;
INSERT INTO public.config_branches (id, course_id, name, display_order, is_active, created_at, updated_at) VALUES ('dcac6a77-454d-4ac3-b203-984db283692a', 'afe542c8-a3e9-4dac-851f-9e583e8ae125', 'Computer Applications', '1', true, '2025-12-16 17:12:01.08119+00', '2025-12-16 17:12:01.08119+00') ON CONFLICT (id) DO NOTHING;
INSERT INTO public.config_branches (id, course_id, name, display_order, is_active, created_at, updated_at) VALUES ('e1d302c5-e9be-4eb3-b8cb-80aa1f72e9d3', 'afe542c8-a3e9-4dac-851f-9e583e8ae125', 'Computer Applications - TCS CSBS', '16', true, '2025-12-16 18:34:52.376822+00', '2025-12-16 18:34:52.376822+00') ON CONFLICT (id) DO NOTHING;
INSERT INTO public.config_branches (id, course_id, name, display_order, is_active, created_at, updated_at) VALUES ('e44c9d78-b132-4b59-ba30-2f48a2de0aa2', '2430c25b-7305-430c-a039-7afa98107648', 'Hotel Management', '1', true, '2025-12-16 17:12:01.08119+00', '2025-12-16 17:12:01.08119+00') ON CONFLICT (id) DO NOTHING;
INSERT INTO public.config_branches (id, course_id, name, display_order, is_active, created_at, updated_at) VALUES ('e524f01f-5890-48b2-bb77-4dfa7c5f8e98', 'fffc3234-e6e0-4466-891b-1acce82f143c', 'Operations Management', '5', true, '2025-12-16 17:12:01.08119+00', '2025-12-16 17:12:01.08119+00') ON CONFLICT (id) DO NOTHING;
INSERT INTO public.config_branches (id, course_id, name, display_order, is_active, created_at, updated_at) VALUES ('e53d4d4b-046d-426d-948d-5eccb8506b00', '4d8c7015-2e6e-4b7f-8542-2f5ba91fc75b', 'Cost & Management Accounting', '7', true, '2025-12-16 18:34:52.376822+00', '2025-12-16 18:34:52.376822+00') ON CONFLICT (id) DO NOTHING;
INSERT INTO public.config_branches (id, course_id, name, display_order, is_active, created_at, updated_at) VALUES ('e67733eb-a22b-4b26-8219-36be2f280cf9', '9d360671-4f30-48d5-ba42-73626d01d9e7', 'Mathematics', '3', true, '2025-12-16 17:12:01.08119+00', '2025-12-16 17:12:01.08119+00') ON CONFLICT (id) DO NOTHING;
INSERT INTO public.config_branches (id, course_id, name, display_order, is_active, created_at, updated_at) VALUES ('e909a738-f3f9-4280-b09a-a59802cc1cfc', '902c276c-533a-4338-9cee-80b332529877', 'Accounting & Finance', '1', true, '2025-12-16 17:12:01.08119+00', '2025-12-16 17:12:01.08119+00') ON CONFLICT (id) DO NOTHING;
INSERT INTO public.config_branches (id, course_id, name, display_order, is_active, created_at, updated_at) VALUES ('ee7ef6f1-9db2-47c2-9618-1945101cfd18', 'afe542c8-a3e9-4dac-851f-9e583e8ae125', 'Computer Applications - Xebia Cloud Native', '13', true, '2025-12-16 18:34:52.376822+00', '2025-12-16 18:34:52.376822+00') ON CONFLICT (id) DO NOTHING;
INSERT INTO public.config_branches (id, course_id, name, display_order, is_active, created_at, updated_at) VALUES ('f0b2b14e-8c42-406f-9805-184ca6ec6529', 'fffc3234-e6e0-4466-891b-1acce82f143c', 'Entrepreneurship', '11', true, '2025-12-16 18:34:52.376822+00', '2025-12-16 18:34:52.376822+00') ON CONFLICT (id) DO NOTHING;
INSERT INTO public.config_branches (id, course_id, name, display_order, is_active, created_at, updated_at) VALUES ('f2815ac8-ecba-4453-868f-9d5a31dabd43', 'cd5e3027-5077-4593-bb1c-0e6345291689', 'General Management', '1', true, '2025-12-16 17:12:01.08119+00', '2025-12-16 17:12:01.08119+00') ON CONFLICT (id) DO NOTHING;
INSERT INTO public.config_branches (id, course_id, name, display_order, is_active, created_at, updated_at) VALUES ('f35c8976-e9f1-47e1-b0d1-d1e39c7b2e65', 'fa4b2e11-66fb-401a-909c-f64d1152a86f', 'Corporate Law', '2', true, '2025-12-16 17:12:01.08119+00', '2025-12-16 17:12:01.08119+00') ON CONFLICT (id) DO NOTHING;
INSERT INTO public.config_branches (id, course_id, name, display_order, is_active, created_at, updated_at) VALUES ('f67df1f4-3fee-4106-b896-fd612f8df1ea', 'b5885e6b-4b6d-438d-b893-e76d17c162e7', 'Engineering & Technology', '1', true, '2025-12-16 17:12:01.08119+00', '2025-12-16 17:12:01.08119+00') ON CONFLICT (id) DO NOTHING;
INSERT INTO public.config_branches (id, course_id, name, display_order, is_active, created_at, updated_at) VALUES ('f720fd59-de9b-4737-9fb8-31b2f20ad304', 'b5885e6b-4b6d-438d-b893-e76d17c162e7', 'Sciences', '4', true, '2025-12-16 17:12:01.08119+00', '2025-12-16 17:12:01.08119+00') ON CONFLICT (id) DO NOTHING;
INSERT INTO public.config_branches (id, course_id, name, display_order, is_active, created_at, updated_at) VALUES ('fa484c92-b990-42c6-98f3-15e867e3909a', '4d8c7015-2e6e-4b7f-8542-2f5ba91fc75b', 'International Business', '6', true, '2025-12-16 18:34:52.376822+00', '2025-12-16 18:34:52.376822+00') ON CONFLICT (id) DO NOTHING;
INSERT INTO public.config_branches (id, course_id, name, display_order, is_active, created_at, updated_at) VALUES ('fa8a2555-e9d5-4446-8fc1-1393c7ce1cde', 'fffc3234-e6e0-4466-891b-1acce82f143c', 'International Business', '4', true, '2025-12-16 17:12:01.08119+00', '2025-12-16 17:12:01.08119+00') ON CONFLICT (id) DO NOTHING;
INSERT INTO public.config_branches (id, course_id, name, display_order, is_active, created_at, updated_at) VALUES ('fb9da72d-6603-437c-8939-cb016bccfba4', 'afe542c8-a3e9-4dac-851f-9e583e8ae125', 'Computer Applications - upGrad Data Science', '14', true, '2025-12-16 18:34:52.376822+00', '2025-12-16 18:34:52.376822+00') ON CONFLICT (id) DO NOTHING;
INSERT INTO public.config_branches (id, course_id, name, display_order, is_active, created_at, updated_at) VALUES ('fc16d7a4-28bc-47f2-8144-dc784e1b6997', '9d360671-4f30-48d5-ba42-73626d01d9e7', 'Chemistry', '2', true, '2025-12-16 17:12:01.08119+00', '2025-12-16 17:12:01.08119+00') ON CONFLICT (id) DO NOTHING;
INSERT INTO public.config_branches (id, course_id, name, display_order, is_active, created_at, updated_at) VALUES ('fe1e7678-97c0-460b-98cf-bbe15844503c', '194d40a3-a20c-4401-be51-ed83b0a79ca4', 'Interior Design', '2', true, '2025-12-16 17:12:01.08119+00', '2025-12-16 17:12:01.08119+00') ON CONFLICT (id) DO NOTHING;
INSERT INTO public.config_branches (id, course_id, name, display_order, is_active, created_at, updated_at) VALUES ('fe58a087-1666-4b74-a6a8-753dd5c1c577', '4d8c7015-2e6e-4b7f-8542-2f5ba91fc75b', 'Corporate Accounting', '8', true, '2025-12-16 18:34:52.376822+00', '2025-12-16 18:34:52.376822+00') ON CONFLICT (id) DO NOTHING;
INSERT INTO public.config_branches (id, course_id, name, display_order, is_active, created_at, updated_at) VALUES ('ff590025-ee77-4292-85c8-6008e3ad5eca', 'a5a24084-f992-4bb8-8a8b-e79adb737144', 'Physiotherapy', '1', true, '2025-12-16 17:12:01.08119+00', '2025-12-16 17:12:01.08119+00') ON CONFLICT (id) DO NOTHING;
INSERT INTO public.config_branches (id, course_id, name, display_order, is_active, created_at, updated_at) VALUES ('ff9c40fd-6387-400d-ac29-dc4b6dbe2691', '9d360671-4f30-48d5-ba42-73626d01d9e7', 'Biotechnology', '4', true, '2025-12-16 17:12:01.08119+00', '2025-12-16 17:12:01.08119+00') ON CONFLICT (id) DO NOTHING;

COMMIT;